tf_id,agent_tf_id,task_id,env,task_name,app_id,app_name,app_pit,output_name,tf_type,status,start_time,end_time,duration,cnt_test_runs,cnt_alerts,cnt_breaks,cnt_metrics,tf_io_type,error,description,query_str,query_vars,labels,prev_query,prev_query_vars,inputs
96660,19,6991,default,polaris-bhv4-ten-percent,8,polaris-bhv4-ten-percent,2026-07-20T17:30:15,,head,COMPLETED,2026-07-20T17:38:48.703000+00:00,2026-07-20T17:38:48.748000+00:00,0.045,,,,,internal,,first at DeltaUtils.scala:18 (GlobalLimit),"GlobalLimit($VAR_1$)
:- LocalLimit($VAR_1$)
   :- Sort([version DESC NULLS LAST], true)
      :- LocalRelation([version, timestamp, userId, userName, operation, operationParameters, job, notebook, clusterId, readVersion, isolationLevel, isBlindAppend, operationMetrics, userMetadata, engineInfo])
","{""$VAR_1$"":""1""}",,,,
96658,18,6991,default,polaris-bhv4-ten-percent,8,polaris-bhv4-ten-percent,2026-07-20T17:30:15,,count,COMPLETED,2026-07-20T17:38:48.565000+00:00,2026-07-20T17:38:48.694000+00:00,0.129,,,,,internal,,count at DeltaUtils.scala:16 (Aggregate),"Aggregate([count($VAR_1$) AS count])
:- LocalRelation()
","{""$VAR_1$"":""1""}",,,,
96656,17,6991,default,polaris-bhv4-ten-percent,8,polaris-bhv4-ten-percent,2026-07-20T17:30:15,,collect,COMPLETED,2026-07-20T17:38:47.508000+00:00,2026-07-20T17:38:48.535000+00:00,1.027,,,,,internal,,getHistory at DeltaTableOperations.scala:57 (SerializeFromObject),"SerializeFromObject([unwrapoption(LongType, knownnotnull(assertnotnull(input[0, org.apache.spark.sql.delta.DeltaHistory, true])).version) AS version, staticinvoke(class org.apache.spark.sql.catalyst.util.DateTimeUtils$, TimestampType, fromJavaTimestamp, knownnotnull(assertnotnull(input[0, org.apache.spark.sql.delta.DeltaHistory, true])).timestamp, true, false, true) AS timestamp, staticinvoke(class org.apache.spark.unsafe.types.UTF8String, StringType, fromString, unwrapoption(ObjectType(class java.lang.String), knownnotnull(assertnotnull(input[0, org.apache.spark.sql.delta.DeltaHistory, true])).userId), true, false, true) AS userId, staticinvoke(class org.apache.spark.unsafe.types.UTF8String, StringType, fromString, unwrapoption(ObjectType(class java.lang.String), knownnotnull(assertnotnull(input[0, org.apache.spark.sql.delta.DeltaHistory, true])).userName), true, false, true) AS userName, staticinvoke(class org.apache.spark.unsafe.types.UTF8String, StringType, fromString, knownnotnull(assertnotnull(input[0, org.apache.spark.sql.delta.DeltaHistory, true])).operation, true, false, true) AS operation, externalmaptocatalyst(lambdavariable(ExternalMapToCatalyst_key, ObjectType(class java.lang.Object), true, -1), staticinvoke(class org.apache.spark.unsafe.types.UTF8String, StringType, fromString, validateexternaltype(lambdavariable(ExternalMapToCatalyst_key, ObjectType(class java.lang.Object), true, -1), StringType, ObjectType(class java.lang.String)), true, false, true), lambdavariable(ExternalMapToCatalyst_value, ObjectType(class java.lang.Object), true, -2), staticinvoke(class org.apache.spark.unsafe.types.UTF8String, StringType, fromString, validateexternaltype(lambdavariable(ExternalMapToCatalyst_value, ObjectType(class java.lang.Object), true, -2), StringType, ObjectType(class java.lang.String)), true, false, true), knownnotnull(assertnotnull(input[0, org.apache.spark.sql.delta.DeltaHistory, true])).operationParameters) AS operationParameters, (IF((unwrapoption(ObjectType(class org.apache.spark.sql.delta.actions.JobInfo), knownnotnull(assertnotnull(input[0, org.apache.spark.sql.delta.DeltaHistory, true])).job) IS NULL), $VAR_1$, named_struct($VAR_2$, staticinvoke(class org.apache.spark.unsafe.types.UTF8String, StringType, fromString, knownnotnull(unwrapoption(ObjectType(class org.apache.spark.sql.delta.actions.JobInfo), knownnotnull(assertnotnull(input[0, org.apache.spark.sql.delta.DeltaHistory, true])).job)).jobId, true, false, true), $VAR_3$, staticinvoke(class org.apache.spark.unsafe.types.UTF8String, StringType, fromString, knownnotnull(unwrapoption(ObjectType(class org.apache.spark.sql.delta.actions.JobInfo), knownnotnull(assertnotnull(input[0, org.apache.spark.sql.delta.DeltaHistory, true])).job)).jobName, true, false, true), $VAR_4$, staticinvoke(class org.apache.spark.unsafe.types.UTF8String, StringType, fromString, knownnotnull(unwrapoption(ObjectType(class org.apache.spark.sql.delta.actions.JobInfo), knownnotnull(assertnotnull(input[0, org.apache.spark.sql.delta.DeltaHistory, true])).job)).jobRunId, true, false, true), $VAR_5$, staticinvoke(class org.apache.spark.unsafe.types.UTF8String, StringType, fromString, knownnotnull(unwrapoption(ObjectType(class org.apache.spark.sql.delta.actions.JobInfo), knownnotnull(assertnotnull(input[0, org.apache.spark.sql.delta.DeltaHistory, true])).job)).runId, true, false, true), $VAR_6$, staticinvoke(class org.apache.spark.unsafe.types.UTF8String, StringType, fromString, knownnotnull(unwrapoption(ObjectType(class org.apache.spark.sql.delta.actions.JobInfo), knownnotnull(assertnotnull(input[0, org.apache.spark.sql.delta.DeltaHistory, true])).job)).jobOwnerId, true, false, true), $VAR_7$, staticinvoke(class org.apache.spark.unsafe.types.UTF8String, StringType, fromString, knownnotnull(unwrapoption(ObjectType(class org.apache.spark.sql.delta.actions.JobInfo), knownnotnull(assertnotnull(input[0, org.apache.spark.sql.delta.DeltaHistory, true])).job)).triggerType, true, false, true)))) AS job, (IF((unwrapoption(ObjectType(class org.apache.spark.sql.delta.actions.NotebookInfo), knownnotnull(assertnotnull(input[0, org.apache.spark.sql.delta.DeltaHistory, true])).notebook) IS NULL), $VAR_1$, named_struct($VAR_8$, staticinvoke(class org.apache.spark.unsafe.types.UTF8String, StringType, fromString, knownnotnull(unwrapoption(ObjectType(class org.apache.spark.sql.delta.actions.NotebookInfo), knownnotnull(assertnotnull(input[0, org.apache.spark.sql.delta.DeltaHistory, true])).notebook)).notebookId, true, false, true)))) AS notebook, staticinvoke(class org.apache.spark.unsafe.types.UTF8String, StringType, fromString, unwrapoption(ObjectType(class java.lang.String), knownnotnull(assertnotnull(input[0, org.apache.spark.sql.delta.DeltaHistory, true])).clusterId), true, false, true) AS clusterId, unwrapoption(LongType, knownnotnull(assertnotnull(input[0, org.apache.spark.sql.delta.DeltaHistory, true])).readVersion) AS readVersion, staticinvoke(class org.apache.spark.unsafe.types.UTF8String, StringType, fromString, unwrapoption(ObjectType(class java.lang.String), knownnotnull(assertnotnull(input[0, org.apache.spark.sql.delta.DeltaHistory, true])).isolationLevel), true, false, true) AS isolationLevel, unwrapoption(BooleanType, knownnotnull(assertnotnull(input[0, org.apache.spark.sql.delta.DeltaHistory, true])).isBlindAppend) AS isBlindAppend, externalmaptocatalyst(lambdavariable(ExternalMapToCatalyst_key, ObjectType(class java.lang.Object), true, -3), staticinvoke(class org.apache.spark.unsafe.types.UTF8String, StringType, fromString, validateexternaltype(lambdavariable(ExternalMapToCatalyst_key, ObjectType(class java.lang.Object), true, -3), StringType, ObjectType(class java.lang.String)), true, false, true), lambdavariable(ExternalMapToCatalyst_value, ObjectType(class java.lang.Object), true, -4), staticinvoke(class org.apache.spark.unsafe.types.UTF8String, StringType, fromString, validateexternaltype(lambdavariable(ExternalMapToCatalyst_value, ObjectType(class java.lang.Object), true, -4), StringType, ObjectType(class java.lang.String)), true, false, true), unwrapoption(ObjectType(interface scala.collection.immutable.Map), knownnotnull(assertnotnull(input[0, org.apache.spark.sql.delta.DeltaHistory, true])).operationMetrics)) AS operationMetrics, staticinvoke(class org.apache.spark.unsafe.types.UTF8String, StringType, fromString, unwrapoption(ObjectType(class java.lang.String), knownnotnull(assertnotnull(input[0, org.apache.spark.sql.delta.DeltaHistory, true])).userMetadata), true, false, true) AS userMetadata, staticinvoke(class org.apache.spark.unsafe.types.UTF8String, StringType, fromString, unwrapoption(ObjectType(class java.lang.String), knownnotnull(assertnotnull(input[0, org.apache.spark.sql.delta.DeltaHistory, true])).engineInfo), true, false, true) AS engineInfo])
:- MapPartitions($VAR_9$, obj)
   :- DeserializeToObject(staticinvoke(class java.lang.Long, ObjectType(class java.lang.Long), valueOf, id, true, false, true), obj)
      :- Range(316, 1170, 1, 50, [id], false)
","{""$VAR_1$"":""NULL"",""$VAR_2$"":""'jobId'"",""$VAR_3$"":""'jobName'"",""$VAR_4$"":""'jobRunId'"",""$VAR_5$"":""'runId'"",""$VAR_6$"":""'jobOwnerId'"",""$VAR_7$"":""'triggerType'"",""$VAR_8$"":""'notebookId'"",""$VAR_9$"":""org.apache.spark.sql.delta.DeltaHistoryManager$$Lambda$6369/0x00007fc7b9b3e320@1d8bcbc0""}",,,,
96653,16,6991,default,polaris-bhv4-ten-percent,8,polaris-bhv4-ten-percent,2026-07-20T17:30:15,,head,COMPLETED,2026-07-20T17:38:13.056000+00:00,2026-07-20T17:38:13.092000+00:00,0.036,,,,,internal,,first at DeltaUtils.scala:18 (GlobalLimit),"GlobalLimit($VAR_1$)
:- LocalLimit($VAR_1$)
   :- Sort([version DESC NULLS LAST], true)
      :- LocalRelation([version, timestamp, userId, userName, operation, operationParameters, job, notebook, clusterId, readVersion, isolationLevel, isBlindAppend, operationMetrics, userMetadata, engineInfo])
","{""$VAR_1$"":""1""}",,,,
96651,15,6991,default,polaris-bhv4-ten-percent,8,polaris-bhv4-ten-percent,2026-07-20T17:30:15,,count,COMPLETED,2026-07-20T17:38:12.871000+00:00,2026-07-20T17:38:13.048000+00:00,0.177,,,,,internal,,count at DeltaUtils.scala:16 (Aggregate),"Aggregate([count($VAR_1$) AS count])
:- LocalRelation()
","{""$VAR_1$"":""1""}",,,,
96649,14,6991,default,polaris-bhv4-ten-percent,8,polaris-bhv4-ten-percent,2026-07-20T17:30:15,,collect,COMPLETED,2026-07-20T17:37:55.170000+00:00,2026-07-20T17:38:12.846000+00:00,17.676,,,,,internal,,getHistory at DeltaTableOperations.scala:57 (SerializeFromObject),"SerializeFromObject([unwrapoption(LongType, knownnotnull(assertnotnull(input[0, org.apache.spark.sql.delta.DeltaHistory, true])).version) AS version, staticinvoke(class org.apache.spark.sql.catalyst.util.DateTimeUtils$, TimestampType, fromJavaTimestamp, knownnotnull(assertnotnull(input[0, org.apache.spark.sql.delta.DeltaHistory, true])).timestamp, true, false, true) AS timestamp, staticinvoke(class org.apache.spark.unsafe.types.UTF8String, StringType, fromString, unwrapoption(ObjectType(class java.lang.String), knownnotnull(assertnotnull(input[0, org.apache.spark.sql.delta.DeltaHistory, true])).userId), true, false, true) AS userId, staticinvoke(class org.apache.spark.unsafe.types.UTF8String, StringType, fromString, unwrapoption(ObjectType(class java.lang.String), knownnotnull(assertnotnull(input[0, org.apache.spark.sql.delta.DeltaHistory, true])).userName), true, false, true) AS userName, staticinvoke(class org.apache.spark.unsafe.types.UTF8String, StringType, fromString, knownnotnull(assertnotnull(input[0, org.apache.spark.sql.delta.DeltaHistory, true])).operation, true, false, true) AS operation, externalmaptocatalyst(lambdavariable(ExternalMapToCatalyst_key, ObjectType(class java.lang.Object), true, -1), staticinvoke(class org.apache.spark.unsafe.types.UTF8String, StringType, fromString, validateexternaltype(lambdavariable(ExternalMapToCatalyst_key, ObjectType(class java.lang.Object), true, -1), StringType, ObjectType(class java.lang.String)), true, false, true), lambdavariable(ExternalMapToCatalyst_value, ObjectType(class java.lang.Object), true, -2), staticinvoke(class org.apache.spark.unsafe.types.UTF8String, StringType, fromString, validateexternaltype(lambdavariable(ExternalMapToCatalyst_value, ObjectType(class java.lang.Object), true, -2), StringType, ObjectType(class java.lang.String)), true, false, true), knownnotnull(assertnotnull(input[0, org.apache.spark.sql.delta.DeltaHistory, true])).operationParameters) AS operationParameters, (IF((unwrapoption(ObjectType(class org.apache.spark.sql.delta.actions.JobInfo), knownnotnull(assertnotnull(input[0, org.apache.spark.sql.delta.DeltaHistory, true])).job) IS NULL), $VAR_1$, named_struct($VAR_2$, staticinvoke(class org.apache.spark.unsafe.types.UTF8String, StringType, fromString, knownnotnull(unwrapoption(ObjectType(class org.apache.spark.sql.delta.actions.JobInfo), knownnotnull(assertnotnull(input[0, org.apache.spark.sql.delta.DeltaHistory, true])).job)).jobId, true, false, true), $VAR_3$, staticinvoke(class org.apache.spark.unsafe.types.UTF8String, StringType, fromString, knownnotnull(unwrapoption(ObjectType(class org.apache.spark.sql.delta.actions.JobInfo), knownnotnull(assertnotnull(input[0, org.apache.spark.sql.delta.DeltaHistory, true])).job)).jobName, true, false, true), $VAR_4$, staticinvoke(class org.apache.spark.unsafe.types.UTF8String, StringType, fromString, knownnotnull(unwrapoption(ObjectType(class org.apache.spark.sql.delta.actions.JobInfo), knownnotnull(assertnotnull(input[0, org.apache.spark.sql.delta.DeltaHistory, true])).job)).jobRunId, true, false, true), $VAR_5$, staticinvoke(class org.apache.spark.unsafe.types.UTF8String, StringType, fromString, knownnotnull(unwrapoption(ObjectType(class org.apache.spark.sql.delta.actions.JobInfo), knownnotnull(assertnotnull(input[0, org.apache.spark.sql.delta.DeltaHistory, true])).job)).runId, true, false, true), $VAR_6$, staticinvoke(class org.apache.spark.unsafe.types.UTF8String, StringType, fromString, knownnotnull(unwrapoption(ObjectType(class org.apache.spark.sql.delta.actions.JobInfo), knownnotnull(assertnotnull(input[0, org.apache.spark.sql.delta.DeltaHistory, true])).job)).jobOwnerId, true, false, true), $VAR_7$, staticinvoke(class org.apache.spark.unsafe.types.UTF8String, StringType, fromString, knownnotnull(unwrapoption(ObjectType(class org.apache.spark.sql.delta.actions.JobInfo), knownnotnull(assertnotnull(input[0, org.apache.spark.sql.delta.DeltaHistory, true])).job)).triggerType, true, false, true)))) AS job, (IF((unwrapoption(ObjectType(class org.apache.spark.sql.delta.actions.NotebookInfo), knownnotnull(assertnotnull(input[0, org.apache.spark.sql.delta.DeltaHistory, true])).notebook) IS NULL), $VAR_1$, named_struct($VAR_8$, staticinvoke(class org.apache.spark.unsafe.types.UTF8String, StringType, fromString, knownnotnull(unwrapoption(ObjectType(class org.apache.spark.sql.delta.actions.NotebookInfo), knownnotnull(assertnotnull(input[0, org.apache.spark.sql.delta.DeltaHistory, true])).notebook)).notebookId, true, false, true)))) AS notebook, staticinvoke(class org.apache.spark.unsafe.types.UTF8String, StringType, fromString, unwrapoption(ObjectType(class java.lang.String), knownnotnull(assertnotnull(input[0, org.apache.spark.sql.delta.DeltaHistory, true])).clusterId), true, false, true) AS clusterId, unwrapoption(LongType, knownnotnull(assertnotnull(input[0, org.apache.spark.sql.delta.DeltaHistory, true])).readVersion) AS readVersion, staticinvoke(class org.apache.spark.unsafe.types.UTF8String, StringType, fromString, unwrapoption(ObjectType(class java.lang.String), knownnotnull(assertnotnull(input[0, org.apache.spark.sql.delta.DeltaHistory, true])).isolationLevel), true, false, true) AS isolationLevel, unwrapoption(BooleanType, knownnotnull(assertnotnull(input[0, org.apache.spark.sql.delta.DeltaHistory, true])).isBlindAppend) AS isBlindAppend, externalmaptocatalyst(lambdavariable(ExternalMapToCatalyst_key, ObjectType(class java.lang.Object), true, -3), staticinvoke(class org.apache.spark.unsafe.types.UTF8String, StringType, fromString, validateexternaltype(lambdavariable(ExternalMapToCatalyst_key, ObjectType(class java.lang.Object), true, -3), StringType, ObjectType(class java.lang.String)), true, false, true), lambdavariable(ExternalMapToCatalyst_value, ObjectType(class java.lang.Object), true, -4), staticinvoke(class org.apache.spark.unsafe.types.UTF8String, StringType, fromString, validateexternaltype(lambdavariable(ExternalMapToCatalyst_value, ObjectType(class java.lang.Object), true, -4), StringType, ObjectType(class java.lang.String)), true, false, true), unwrapoption(ObjectType(interface scala.collection.immutable.Map), knownnotnull(assertnotnull(input[0, org.apache.spark.sql.delta.DeltaHistory, true])).operationMetrics)) AS operationMetrics, staticinvoke(class org.apache.spark.unsafe.types.UTF8String, StringType, fromString, unwrapoption(ObjectType(class java.lang.String), knownnotnull(assertnotnull(input[0, org.apache.spark.sql.delta.DeltaHistory, true])).userMetadata), true, false, true) AS userMetadata, staticinvoke(class org.apache.spark.unsafe.types.UTF8String, StringType, fromString, unwrapoption(ObjectType(class java.lang.String), knownnotnull(assertnotnull(input[0, org.apache.spark.sql.delta.DeltaHistory, true])).engineInfo), true, false, true) AS engineInfo])
:- MapPartitions($VAR_9$, obj)
   :- DeserializeToObject(staticinvoke(class java.lang.Long, ObjectType(class java.lang.Long), valueOf, id, true, false, true), obj)
      :- Range(316, 1169, 1, 50, [id], false)
","{""$VAR_1$"":""NULL"",""$VAR_2$"":""'jobId'"",""$VAR_3$"":""'jobName'"",""$VAR_4$"":""'jobRunId'"",""$VAR_5$"":""'runId'"",""$VAR_6$"":""'jobOwnerId'"",""$VAR_7$"":""'triggerType'"",""$VAR_8$"":""'notebookId'"",""$VAR_9$"":""org.apache.spark.sql.delta.DeltaHistoryManager$$Lambda$6369/0x00007fc7b9b3e320@2ef9897""}",,,,
96646,12,6991,default,polaris-bhv4-ten-percent,8,polaris-bhv4-ten-percent,2026-07-20T17:30:15,abfss://ten-percent@bh4tenpctprod.dfs.core.windows.net/delta,file,COMPLETED,2026-07-20T17:37:54.223000+00:00,2026-07-20T17:38:46.811000+00:00,52.588,,,,9,output,,save at FormatSparkWriter.scala:28 (SaveIntoDataSourceCommand),"SaveIntoDataSourceCommand($VAR_1$, $VAR_2$, Append)
   :- Filter((rand($VAR_3$) < ($VAR_4$ / ($VAR_5$ / $VAR_5$))))
      :- DataSourceV2Relation($VAR_6$, [cpcode, ts, ip, host, path, user_agent, status_code, http_method, header_order_fingerprinting, query, referer, accept_language, content_type, header_size, cookie, start_time, global_id, request_checksum, tcp_fingerprinting, tls_fingerprinting, h2_fp, ghost_ip, akid, api_id, autopost, account, tls_fingerprinting_3, tls_extension_order, elliptic_curves_order, signature_algorithms_order], $VAR_7$)
","{""$VAR_1$"":""org.apache.spark.sql.delta.sources.DeltaDataSource@5a465d7c"",""$VAR_2$"":""[path=abfss://ten-percent@bh4tenpctprod.dfs.core.windows.net/delta, compression=zstd, delta.logretentionduration=interval 3 days, mergeschema=true, __partition_columns=[\""ts\""], zstdcompressionlevel=3]"",""$VAR_3$"":""-2310981307136078536L"",""$VAR_4$"":""'1.0'"",""$VAR_5$"":""1.0D"",""$VAR_6$"":""com.akamai.csi.guardian.knowhere.connectors.KafkaStorageTable@205427df"",""$VAR_7$"":""[commit.offsets.state=true_1784566747514, storage.output.class=com.akamai.csi.guardian.knowhere.storage.azure.BlobStorageClientImpl, num.of.partitions=0, read.storage.account.blob.storage.endpoint=https://gamorabhv4tenpercentprod.blob.core.windows.net, read.storage.account.blob.authority.host=https://login.microsoftonline.com/, kafka.consumer.sasl.mechanism=SCRAM-SHA-512, read.storage.account.blob.connectionString=null, kafka.has.records.count.statistics=false, write.storage.account.blob.tenant.id=514876bd-5965-4b40-b0c8-e336cf72c743, avro.schema={\""type\"":\""record\"",\""name\"":\""BEHAVIORAL4\"",\""fields\"":[{\""name\"":\""cpcode\"",\""type\"":\""long\""},{\""name\"":\""ts\"",\""type\"":\""long\""},{\""name\"":\""ip\"",\""type\"":\""string\""},{\""name\"":\""host\"",\""type\"":\""string\""},{\""name\"":\""path\"",\""type\"":\""string\""},{\""name\"":\""user_agent\"",\""type\"":\""string\"",\""decode\"":\""true\""},{\""name\"":\""status_code\"",\""type\"":\""int\""},{\""name\"":\""http_method\"",\""type\"":\""string\""},{\""name\"":\""header_order_fingerprinting\"",\""type\"":\""string\""},{\""name\"":\""query\"",\""type\"":\""string\""},{\""name\"":\""referer\"",\""type\"":\""string\""},{\""name\"":\""accept_language\"",\""type\"":\""string\""},{\""name\"":\""content_type\"",\""type\"":\""string\""},{\""name\"":\""header_size\"",\""type\"":\""string\""},{\""name\"":\""cookie\"",\""type\"":\""string\""},{\""name\"":\""start_time\"",\""type\"":\""string\""},{\""name\"":\""global_id\"",\""type\"":\""string\""},{\""name\"":\""request_checksum\"",\""type\"":\""string\""},{\""name\"":\""tcp_fingerprinting\"",\""type\"":\""string\""},{\""name\"":\""tls_fingerprinting\"",\""type\"":\""string\""},{\""name\"":\""h2_fp\"",\""type\"":\""string\"",\""default\"":\""-\""},{\""name\"":\""ghost_ip\"",\""type\"":\""string\"",\""default\"":\""-\""},{\""name\"":\""akid\"",\""type\"":\""string\"",\""default\"":\""-\""},{\""name\"":\""api_id\"",\""type\"":\""string\"",\""default\"":\""-\""},{\""name\"":\""autopost\"",\""type\"":\""int\"",\""default\"":0},{\""name\"":\""account\"",\""type\"":\""string\"",\""default\"":\""-\""},{\""name\"":\""tls_fingerprinting_3\"",\""type\"":\""string\"",\""default\"":\""-\""},{\""name\"":\""tls_extension_order\"",\""type\"":\""string\"",\""default\"":\""-\""},{\""name\"":\""elliptic_curves_order\"",\""type\"":\""string\"",\""default\"":\""-\""},{\""name\"":\""signature_algorithms_order\"",\""type\"":\""string\"",\""default\"":\""-\""}]}, kafka.username=bootstrap-ajno5dmewwtaijvh, partition.max.files=50, write.storage.account.blob.storage.endpoint=https://bh4tenpctprod.blob.core.windows.net, kafka.consumer.auto.offset.reset=latest, read.storage.account.blob.container.name=gamora-behavioral4-ten-percent, spark.checkpoint.location=checkpoint, write.storage.account.blob.connectionString=null, kafka.skip.small.files.threshold=1000000, read.storage.account.blob.connection.mode=SERVICE_PRINCIPAL, write.storage.account.blob.connection.mode=SERVICE_PRINCIPAL, kafka.password=*********(redacted), kafka.topic=csi_prod_centralus_ingest.gamora-behavioral4-ten-percent, kafka.consumer.bootstrap.servers=redpanda-0.prod-redpanda.aks.prod.akamaicsi.net:31092,redpanda-1.prod-redpanda.aks.prod.akamaicsi.net:31092,redpanda-2.prod-redpanda.aks.prod.akamaicsi.net:31092,redpanda-3.prod-redpanda.aks.prod.akamaicsi.net:31092,redpanda-4.prod-redpanda.aks.prod.akamaicsi.net:31092,redpanda-5.prod-redpanda.aks.prod.akamaicsi.net:31092,redpanda-6.prod-redpanda.aks.prod.akamaicsi.net:31092,redpanda-7.prod-redpanda.aks.prod.akamaicsi.net:31092,redpanda-8.prod-redpanda.aks.prod.akamaicsi.net:31092,redpanda-9.prod-redpanda.aks.prod.akamaicsi.net:31092, read.storage.account.blob.client.secret=*********(redacted), kafka.consumer.group.id=csi_prod_centralus_ingest.polaris-bhv4-ten-percent-consumer0, kafka.poll.timeout=2000, write.storage.account.blob.container.name=ten-percent, kafka.seek.to.beginning=false, connector.name=polaris, kafka.max.total.poll.timeout.batch.sec=10, kafka.message.ttl.sec=172800, storage.input.class=com.akamai.csi.guardian.knowhere.storage.azure.BlobStorageClientImpl, kafka.consumer.max.poll.interval.ms=1800000, kafka.consumer.max.poll.records=1, write.storage.account.blob.authority.host=https://login.microsoftonline.com/, exactly.once.validation=true, read.storage.account.blob.client.id=e77b2ce2-6407-4369-bc31-52033c0efa7b, write.storage.account.blob.client.secret=*********(redacted), partition.max.memory.size=200000000, kafka.total.iteration.memory.hint=100000000000, write.storage.account.blob.client.id=e77b2ce2-6407-4369-bc31-52033c0efa7b, read.storage.account.blob.tenant.id=514876bd-5965-4b40-b0c8-e336cf72c743, kafka.consumer.security.protocol=SASL_SSL]""}",,"SaveIntoDataSourceCommand($VAR_1$, $VAR_2$, Append)
   :- Filter((rand($VAR_3$) < ($VAR_4$ / ($VAR_5$ / $VAR_5$))))
      :- DataSourceV2Relation($VAR_6$, [cpcode, ts, ip, host, path, user_agent, status_code, http_method, header_order_fingerprinting, query, referer, accept_language, content_type, header_size, cookie, start_time, global_id, request_checksum, tcp_fingerprinting, tls_fingerprinting, h2_fp, ghost_ip, akid, api_id, autopost, account, tls_fingerprinting_3, tls_extension_order, elliptic_curves_order, signature_algorithms_order], $VAR_7$)
","{""$VAR_1$"":""org.apache.spark.sql.delta.sources.DeltaDataSource@152833e"",""$VAR_2$"":""[path=abfss://ten-percent@bh4tenpctprod.dfs.core.windows.net/delta, compression=zstd, delta.logretentionduration=interval 3 days, mergeschema=true, __partition_columns=[\""ts\""], zstdcompressionlevel=3]"",""$VAR_3$"":""-4180858090203765178L"",""$VAR_4$"":""'1.0'"",""$VAR_5$"":""1.0D"",""$VAR_6$"":""com.akamai.csi.guardian.knowhere.connectors.KafkaStorageTable@3e4b6b40"",""$VAR_7$"":""[commit.offsets.state=true_1784562218335, storage.output.class=com.akamai.csi.guardian.knowhere.storage.azure.BlobStorageClientImpl, num.of.partitions=0, read.storage.account.blob.storage.endpoint=https://gamorabhv4tenpercentprod.blob.core.windows.net, read.storage.account.blob.authority.host=https://login.microsoftonline.com/, kafka.consumer.sasl.mechanism=SCRAM-SHA-512, read.storage.account.blob.connectionString=null, kafka.has.records.count.statistics=false, write.storage.account.blob.tenant.id=514876bd-5965-4b40-b0c8-e336cf72c743, avro.schema={\""type\"":\""record\"",\""name\"":\""BEHAVIORAL4\"",\""fields\"":[{\""name\"":\""cpcode\"",\""type\"":\""long\""},{\""name\"":\""ts\"",\""type\"":\""long\""},{\""name\"":\""ip\"",\""type\"":\""string\""},{\""name\"":\""host\"",\""type\"":\""string\""},{\""name\"":\""path\"",\""type\"":\""string\""},{\""name\"":\""user_agent\"",\""type\"":\""string\"",\""decode\"":\""true\""},{\""name\"":\""status_code\"",\""type\"":\""int\""},{\""name\"":\""http_method\"",\""type\"":\""string\""},{\""name\"":\""header_order_fingerprinting\"",\""type\"":\""string\""},{\""name\"":\""query\"",\""type\"":\""string\""},{\""name\"":\""referer\"",\""type\"":\""string\""},{\""name\"":\""accept_language\"",\""type\"":\""string\""},{\""name\"":\""content_type\"",\""type\"":\""string\""},{\""name\"":\""header_size\"",\""type\"":\""string\""},{\""name\"":\""cookie\"",\""type\"":\""string\""},{\""name\"":\""start_time\"",\""type\"":\""string\""},{\""name\"":\""global_id\"",\""type\"":\""string\""},{\""name\"":\""request_checksum\"",\""type\"":\""string\""},{\""name\"":\""tcp_fingerprinting\"",\""type\"":\""string\""},{\""name\"":\""tls_fingerprinting\"",\""type\"":\""string\""},{\""name\"":\""h2_fp\"",\""type\"":\""string\"",\""default\"":\""-\""},{\""name\"":\""ghost_ip\"",\""type\"":\""string\"",\""default\"":\""-\""},{\""name\"":\""akid\"",\""type\"":\""string\"",\""default\"":\""-\""},{\""name\"":\""api_id\"",\""type\"":\""string\"",\""default\"":\""-\""},{\""name\"":\""autopost\"",\""type\"":\""int\"",\""default\"":0},{\""name\"":\""account\"",\""type\"":\""string\"",\""default\"":\""-\""},{\""name\"":\""tls_fingerprinting_3\"",\""type\"":\""string\"",\""default\"":\""-\""},{\""name\"":\""tls_extension_order\"",\""type\"":\""string\"",\""default\"":\""-\""},{\""name\"":\""elliptic_curves_order\"",\""type\"":\""string\"",\""default\"":\""-\""},{\""name\"":\""signature_algorithms_order\"",\""type\"":\""string\"",\""default\"":\""-\""}]}, kafka.username=bootstrap-ajno5dmewwtaijvh, partition.max.files=50, write.storage.account.blob.storage.endpoint=https://bh4tenpctprod.blob.core.windows.net, kafka.consumer.auto.offset.reset=latest, read.storage.account.blob.container.name=gamora-behavioral4-ten-percent, spark.checkpoint.location=checkpoint, write.storage.account.blob.connectionString=null, kafka.skip.small.files.threshold=1000000, read.storage.account.blob.connection.mode=SERVICE_PRINCIPAL, write.storage.account.blob.connection.mode=SERVICE_PRINCIPAL, kafka.password=*********(redacted), kafka.topic=csi_prod_centralus_ingest.gamora-behavioral4-ten-percent, kafka.consumer.bootstrap.servers=redpanda-0.prod-redpanda.aks.prod.akamaicsi.net:31092,redpanda-1.prod-redpanda.aks.prod.akamaicsi.net:31092,redpanda-2.prod-redpanda.aks.prod.akamaicsi.net:31092,redpanda-3.prod-redpanda.aks.prod.akamaicsi.net:31092,redpanda-4.prod-redpanda.aks.prod.akamaicsi.net:31092,redpanda-5.prod-redpanda.aks.prod.akamaicsi.net:31092,redpanda-6.prod-redpanda.aks.prod.akamaicsi.net:31092,redpanda-7.prod-redpanda.aks.prod.akamaicsi.net:31092,redpanda-8.prod-redpanda.aks.prod.akamaicsi.net:31092,redpanda-9.prod-redpanda.aks.prod.akamaicsi.net:31092, read.storage.account.blob.client.secret=*********(redacted), kafka.consumer.group.id=csi_prod_centralus_ingest.polaris-bhv4-ten-percent-consumer0, kafka.poll.timeout=2000, write.storage.account.blob.container.name=ten-percent, kafka.seek.to.beginning=false, connector.name=polaris, kafka.max.total.poll.timeout.batch.sec=10, kafka.message.ttl.sec=172800, storage.input.class=com.akamai.csi.guardian.knowhere.storage.azure.BlobStorageClientImpl, kafka.consumer.max.poll.interval.ms=1800000, kafka.consumer.max.poll.records=1, write.storage.account.blob.authority.host=https://login.microsoftonline.com/, exactly.once.validation=true, read.storage.account.blob.client.id=e77b2ce2-6407-4369-bc31-52033c0efa7b, write.storage.account.blob.client.secret=*********(redacted), partition.max.memory.size=200000000, kafka.total.iteration.memory.hint=100000000000, write.storage.account.blob.client.id=e77b2ce2-6407-4369-bc31-52033c0efa7b, read.storage.account.blob.tenant.id=514876bd-5965-4b40-b0c8-e336cf72c743, kafka.consumer.security.protocol=SASL_SSL]""}","[""csi_prod_centralus_ingest.gamora-behavioral4-ten-percent""]"
96643,11,6991,default,polaris-bhv4-ten-percent,8,polaris-bhv4-ten-percent,2026-07-20T17:30:15,,head,COMPLETED,2026-07-20T17:37:39.627000+00:00,2026-07-20T17:37:39.685000+00:00,0.058,,,,,internal,,first at DeltaUtils.scala:18 (GlobalLimit),"GlobalLimit($VAR_1$)
:- LocalLimit($VAR_1$)
   :- Sort([version DESC NULLS LAST], true)
      :- LocalRelation([version, timestamp, userId, userName, operation, operationParameters, job, notebook, clusterId, readVersion, isolationLevel, isBlindAppend, operationMetrics, userMetadata, engineInfo])
","{""$VAR_1$"":""1""}",,,,
96641,10,6991,default,polaris-bhv4-ten-percent,8,polaris-bhv4-ten-percent,2026-07-20T17:30:15,,count,COMPLETED,2026-07-20T17:37:39.435000+00:00,2026-07-20T17:37:39.618000+00:00,0.183,,,,,internal,,count at DeltaUtils.scala:16 (Aggregate),"Aggregate([count($VAR_1$) AS count])
:- LocalRelation()
","{""$VAR_1$"":""1""}",,,,
96639,9,6991,default,polaris-bhv4-ten-percent,8,polaris-bhv4-ten-percent,2026-07-20T17:30:15,,collect,COMPLETED,2026-07-20T17:37:37.482000+00:00,2026-07-20T17:37:39.384000+00:00,1.902,,,,,internal,,getHistory at DeltaTableOperations.scala:57 (SerializeFromObject),"SerializeFromObject([unwrapoption(LongType, knownnotnull(assertnotnull(input[0, org.apache.spark.sql.delta.DeltaHistory, true])).version) AS version, staticinvoke(class org.apache.spark.sql.catalyst.util.DateTimeUtils$, TimestampType, fromJavaTimestamp, knownnotnull(assertnotnull(input[0, org.apache.spark.sql.delta.DeltaHistory, true])).timestamp, true, false, true) AS timestamp, staticinvoke(class org.apache.spark.unsafe.types.UTF8String, StringType, fromString, unwrapoption(ObjectType(class java.lang.String), knownnotnull(assertnotnull(input[0, org.apache.spark.sql.delta.DeltaHistory, true])).userId), true, false, true) AS userId, staticinvoke(class org.apache.spark.unsafe.types.UTF8String, StringType, fromString, unwrapoption(ObjectType(class java.lang.String), knownnotnull(assertnotnull(input[0, org.apache.spark.sql.delta.DeltaHistory, true])).userName), true, false, true) AS userName, staticinvoke(class org.apache.spark.unsafe.types.UTF8String, StringType, fromString, knownnotnull(assertnotnull(input[0, org.apache.spark.sql.delta.DeltaHistory, true])).operation, true, false, true) AS operation, externalmaptocatalyst(lambdavariable(ExternalMapToCatalyst_key, ObjectType(class java.lang.Object), true, -1), staticinvoke(class org.apache.spark.unsafe.types.UTF8String, StringType, fromString, validateexternaltype(lambdavariable(ExternalMapToCatalyst_key, ObjectType(class java.lang.Object), true, -1), StringType, ObjectType(class java.lang.String)), true, false, true), lambdavariable(ExternalMapToCatalyst_value, ObjectType(class java.lang.Object), true, -2), staticinvoke(class org.apache.spark.unsafe.types.UTF8String, StringType, fromString, validateexternaltype(lambdavariable(ExternalMapToCatalyst_value, ObjectType(class java.lang.Object), true, -2), StringType, ObjectType(class java.lang.String)), true, false, true), knownnotnull(assertnotnull(input[0, org.apache.spark.sql.delta.DeltaHistory, true])).operationParameters) AS operationParameters, (IF((unwrapoption(ObjectType(class org.apache.spark.sql.delta.actions.JobInfo), knownnotnull(assertnotnull(input[0, org.apache.spark.sql.delta.DeltaHistory, true])).job) IS NULL), $VAR_1$, named_struct($VAR_2$, staticinvoke(class org.apache.spark.unsafe.types.UTF8String, StringType, fromString, knownnotnull(unwrapoption(ObjectType(class org.apache.spark.sql.delta.actions.JobInfo), knownnotnull(assertnotnull(input[0, org.apache.spark.sql.delta.DeltaHistory, true])).job)).jobId, true, false, true), $VAR_3$, staticinvoke(class org.apache.spark.unsafe.types.UTF8String, StringType, fromString, knownnotnull(unwrapoption(ObjectType(class org.apache.spark.sql.delta.actions.JobInfo), knownnotnull(assertnotnull(input[0, org.apache.spark.sql.delta.DeltaHistory, true])).job)).jobName, true, false, true), $VAR_4$, staticinvoke(class org.apache.spark.unsafe.types.UTF8String, StringType, fromString, knownnotnull(unwrapoption(ObjectType(class org.apache.spark.sql.delta.actions.JobInfo), knownnotnull(assertnotnull(input[0, org.apache.spark.sql.delta.DeltaHistory, true])).job)).jobRunId, true, false, true), $VAR_5$, staticinvoke(class org.apache.spark.unsafe.types.UTF8String, StringType, fromString, knownnotnull(unwrapoption(ObjectType(class org.apache.spark.sql.delta.actions.JobInfo), knownnotnull(assertnotnull(input[0, org.apache.spark.sql.delta.DeltaHistory, true])).job)).runId, true, false, true), $VAR_6$, staticinvoke(class org.apache.spark.unsafe.types.UTF8String, StringType, fromString, knownnotnull(unwrapoption(ObjectType(class org.apache.spark.sql.delta.actions.JobInfo), knownnotnull(assertnotnull(input[0, org.apache.spark.sql.delta.DeltaHistory, true])).job)).jobOwnerId, true, false, true), $VAR_7$, staticinvoke(class org.apache.spark.unsafe.types.UTF8String, StringType, fromString, knownnotnull(unwrapoption(ObjectType(class org.apache.spark.sql.delta.actions.JobInfo), knownnotnull(assertnotnull(input[0, org.apache.spark.sql.delta.DeltaHistory, true])).job)).triggerType, true, false, true)))) AS job, (IF((unwrapoption(ObjectType(class org.apache.spark.sql.delta.actions.NotebookInfo), knownnotnull(assertnotnull(input[0, org.apache.spark.sql.delta.DeltaHistory, true])).notebook) IS NULL), $VAR_1$, named_struct($VAR_8$, staticinvoke(class org.apache.spark.unsafe.types.UTF8String, StringType, fromString, knownnotnull(unwrapoption(ObjectType(class org.apache.spark.sql.delta.actions.NotebookInfo), knownnotnull(assertnotnull(input[0, org.apache.spark.sql.delta.DeltaHistory, true])).notebook)).notebookId, true, false, true)))) AS notebook, staticinvoke(class org.apache.spark.unsafe.types.UTF8String, StringType, fromString, unwrapoption(ObjectType(class java.lang.String), knownnotnull(assertnotnull(input[0, org.apache.spark.sql.delta.DeltaHistory, true])).clusterId), true, false, true) AS clusterId, unwrapoption(LongType, knownnotnull(assertnotnull(input[0, org.apache.spark.sql.delta.DeltaHistory, true])).readVersion) AS readVersion, staticinvoke(class org.apache.spark.unsafe.types.UTF8String, StringType, fromString, unwrapoption(ObjectType(class java.lang.String), knownnotnull(assertnotnull(input[0, org.apache.spark.sql.delta.DeltaHistory, true])).isolationLevel), true, false, true) AS isolationLevel, unwrapoption(BooleanType, knownnotnull(assertnotnull(input[0, org.apache.spark.sql.delta.DeltaHistory, true])).isBlindAppend) AS isBlindAppend, externalmaptocatalyst(lambdavariable(ExternalMapToCatalyst_key, ObjectType(class java.lang.Object), true, -3), staticinvoke(class org.apache.spark.unsafe.types.UTF8String, StringType, fromString, validateexternaltype(lambdavariable(ExternalMapToCatalyst_key, ObjectType(class java.lang.Object), true, -3), StringType, ObjectType(class java.lang.String)), true, false, true), lambdavariable(ExternalMapToCatalyst_value, ObjectType(class java.lang.Object), true, -4), staticinvoke(class org.apache.spark.unsafe.types.UTF8String, StringType, fromString, validateexternaltype(lambdavariable(ExternalMapToCatalyst_value, ObjectType(class java.lang.Object), true, -4), StringType, ObjectType(class java.lang.String)), true, false, true), unwrapoption(ObjectType(interface scala.collection.immutable.Map), knownnotnull(assertnotnull(input[0, org.apache.spark.sql.delta.DeltaHistory, true])).operationMetrics)) AS operationMetrics, staticinvoke(class org.apache.spark.unsafe.types.UTF8String, StringType, fromString, unwrapoption(ObjectType(class java.lang.String), knownnotnull(assertnotnull(input[0, org.apache.spark.sql.delta.DeltaHistory, true])).userMetadata), true, false, true) AS userMetadata, staticinvoke(class org.apache.spark.unsafe.types.UTF8String, StringType, fromString, unwrapoption(ObjectType(class java.lang.String), knownnotnull(assertnotnull(input[0, org.apache.spark.sql.delta.DeltaHistory, true])).engineInfo), true, false, true) AS engineInfo])
:- MapPartitions($VAR_9$, obj)
   :- DeserializeToObject(staticinvoke(class java.lang.Long, ObjectType(class java.lang.Long), valueOf, id, true, false, true), obj)
      :- Range(316, 1168, 1, 50, [id], false)
","{""$VAR_1$"":""NULL"",""$VAR_2$"":""'jobId'"",""$VAR_3$"":""'jobName'"",""$VAR_4$"":""'jobRunId'"",""$VAR_5$"":""'runId'"",""$VAR_6$"":""'jobOwnerId'"",""$VAR_7$"":""'triggerType'"",""$VAR_8$"":""'notebookId'"",""$VAR_9$"":""org.apache.spark.sql.delta.DeltaHistoryManager$$Lambda$6369/0x00007fc7b9b3e320@4cac510""}",,,,
96636,7,6991,default,polaris-bhv4-ten-percent,8,polaris-bhv4-ten-percent,2026-07-20T17:30:15,abfss://ten-percent@bh4tenpctprod.dfs.core.windows.net/delta,file,COMPLETED,2026-07-20T17:37:36.596000+00:00,2026-07-20T17:37:54.129000+00:00,17.533,,,,,output,,save at FormatSparkWriter.scala:28 (SaveIntoDataSourceCommand),"SaveIntoDataSourceCommand($VAR_1$, $VAR_2$, Append)
   :- Filter((rand($VAR_3$) < ($VAR_4$ / ($VAR_5$ / $VAR_5$))))
      :- DataSourceV2Relation($VAR_6$, [cpcode, ts, ip, host, path, user_agent, status_code, http_method, header_order_fingerprinting, query, referer, accept_language, content_type, header_size, cookie, start_time, global_id, request_checksum, tcp_fingerprinting, tls_fingerprinting, h2_fp, ghost_ip, akid, api_id, autopost, account, tls_fingerprinting_3, tls_extension_order, elliptic_curves_order, signature_algorithms_order], $VAR_7$)
","{""$VAR_1$"":""org.apache.spark.sql.delta.sources.DeltaDataSource@6fb8693"",""$VAR_2$"":""[path=abfss://ten-percent@bh4tenpctprod.dfs.core.windows.net/delta, compression=zstd, delta.logretentionduration=interval 3 days, mergeschema=true, __partition_columns=[\""ts\""], zstdcompressionlevel=3]"",""$VAR_3$"":""-3335989066705804624L"",""$VAR_4$"":""'1.0'"",""$VAR_5$"":""1.0D"",""$VAR_6$"":""com.akamai.csi.guardian.knowhere.connectors.KafkaStorageTable@7f19fe18"",""$VAR_7$"":""[commit.offsets.state=true_1784566747514, storage.output.class=com.akamai.csi.guardian.knowhere.storage.azure.BlobStorageClientImpl, num.of.partitions=0, read.storage.account.blob.storage.endpoint=https://gamorabhv4tenpercentprod.blob.core.windows.net, read.storage.account.blob.authority.host=https://login.microsoftonline.com/, kafka.consumer.sasl.mechanism=SCRAM-SHA-512, read.storage.account.blob.connectionString=null, kafka.has.records.count.statistics=false, write.storage.account.blob.tenant.id=514876bd-5965-4b40-b0c8-e336cf72c743, avro.schema={\""type\"":\""record\"",\""name\"":\""BEHAVIORAL4\"",\""fields\"":[{\""name\"":\""cpcode\"",\""type\"":\""long\""},{\""name\"":\""ts\"",\""type\"":\""long\""},{\""name\"":\""ip\"",\""type\"":\""string\""},{\""name\"":\""host\"",\""type\"":\""string\""},{\""name\"":\""path\"",\""type\"":\""string\""},{\""name\"":\""user_agent\"",\""type\"":\""string\"",\""decode\"":\""true\""},{\""name\"":\""status_code\"",\""type\"":\""int\""},{\""name\"":\""http_method\"",\""type\"":\""string\""},{\""name\"":\""header_order_fingerprinting\"",\""type\"":\""string\""},{\""name\"":\""query\"",\""type\"":\""string\""},{\""name\"":\""referer\"",\""type\"":\""string\""},{\""name\"":\""accept_language\"",\""type\"":\""string\""},{\""name\"":\""content_type\"",\""type\"":\""string\""},{\""name\"":\""header_size\"",\""type\"":\""string\""},{\""name\"":\""cookie\"",\""type\"":\""string\""},{\""name\"":\""start_time\"",\""type\"":\""string\""},{\""name\"":\""global_id\"",\""type\"":\""string\""},{\""name\"":\""request_checksum\"",\""type\"":\""string\""},{\""name\"":\""tcp_fingerprinting\"",\""type\"":\""string\""},{\""name\"":\""tls_fingerprinting\"",\""type\"":\""string\""},{\""name\"":\""h2_fp\"",\""type\"":\""string\"",\""default\"":\""-\""},{\""name\"":\""ghost_ip\"",\""type\"":\""string\"",\""default\"":\""-\""},{\""name\"":\""akid\"",\""type\"":\""string\"",\""default\"":\""-\""},{\""name\"":\""api_id\"",\""type\"":\""string\"",\""default\"":\""-\""},{\""name\"":\""autopost\"",\""type\"":\""int\"",\""default\"":0},{\""name\"":\""account\"",\""type\"":\""string\"",\""default\"":\""-\""},{\""name\"":\""tls_fingerprinting_3\"",\""type\"":\""string\"",\""default\"":\""-\""},{\""name\"":\""tls_extension_order\"",\""type\"":\""string\"",\""default\"":\""-\""},{\""name\"":\""elliptic_curves_order\"",\""type\"":\""string\"",\""default\"":\""-\""},{\""name\"":\""signature_algorithms_order\"",\""type\"":\""string\"",\""default\"":\""-\""}]}, kafka.username=bootstrap-ajno5dmewwtaijvh, partition.max.files=50, write.storage.account.blob.storage.endpoint=https://bh4tenpctprod.blob.core.windows.net, kafka.consumer.auto.offset.reset=latest, read.storage.account.blob.container.name=gamora-behavioral4-ten-percent, spark.checkpoint.location=checkpoint, write.storage.account.blob.connectionString=null, kafka.skip.small.files.threshold=1000000, read.storage.account.blob.connection.mode=SERVICE_PRINCIPAL, write.storage.account.blob.connection.mode=SERVICE_PRINCIPAL, kafka.password=*********(redacted), kafka.topic=csi_prod_centralus_ingest.gamora-behavioral4-ten-percent, kafka.consumer.bootstrap.servers=redpanda-0.prod-redpanda.aks.prod.akamaicsi.net:31092,redpanda-1.prod-redpanda.aks.prod.akamaicsi.net:31092,redpanda-2.prod-redpanda.aks.prod.akamaicsi.net:31092,redpanda-3.prod-redpanda.aks.prod.akamaicsi.net:31092,redpanda-4.prod-redpanda.aks.prod.akamaicsi.net:31092,redpanda-5.prod-redpanda.aks.prod.akamaicsi.net:31092,redpanda-6.prod-redpanda.aks.prod.akamaicsi.net:31092,redpanda-7.prod-redpanda.aks.prod.akamaicsi.net:31092,redpanda-8.prod-redpanda.aks.prod.akamaicsi.net:31092,redpanda-9.prod-redpanda.aks.prod.akamaicsi.net:31092, read.storage.account.blob.client.secret=*********(redacted), kafka.consumer.group.id=csi_prod_centralus_ingest.polaris-bhv4-ten-percent-consumer0, kafka.poll.timeout=2000, write.storage.account.blob.container.name=ten-percent, kafka.seek.to.beginning=false, connector.name=polaris, kafka.max.total.poll.timeout.batch.sec=10, kafka.message.ttl.sec=172800, storage.input.class=com.akamai.csi.guardian.knowhere.storage.azure.BlobStorageClientImpl, kafka.consumer.max.poll.interval.ms=1800000, kafka.consumer.max.poll.records=1, write.storage.account.blob.authority.host=https://login.microsoftonline.com/, exactly.once.validation=true, read.storage.account.blob.client.id=e77b2ce2-6407-4369-bc31-52033c0efa7b, write.storage.account.blob.client.secret=*********(redacted), partition.max.memory.size=200000000, kafka.total.iteration.memory.hint=100000000000, write.storage.account.blob.client.id=e77b2ce2-6407-4369-bc31-52033c0efa7b, read.storage.account.blob.tenant.id=514876bd-5965-4b40-b0c8-e336cf72c743, kafka.consumer.security.protocol=SASL_SSL]""}",,"SaveIntoDataSourceCommand($VAR_1$, $VAR_2$, Append)
   :- Filter((rand($VAR_3$) < ($VAR_4$ / ($VAR_5$ / $VAR_5$))))
      :- DataSourceV2Relation($VAR_6$, [cpcode, ts, ip, host, path, user_agent, status_code, http_method, header_order_fingerprinting, query, referer, accept_language, content_type, header_size, cookie, start_time, global_id, request_checksum, tcp_fingerprinting, tls_fingerprinting, h2_fp, ghost_ip, akid, api_id, autopost, account, tls_fingerprinting_3, tls_extension_order, elliptic_curves_order, signature_algorithms_order], $VAR_7$)
","{""$VAR_1$"":""org.apache.spark.sql.delta.sources.DeltaDataSource@152833e"",""$VAR_2$"":""[path=abfss://ten-percent@bh4tenpctprod.dfs.core.windows.net/delta, compression=zstd, delta.logretentionduration=interval 3 days, mergeschema=true, __partition_columns=[\""ts\""], zstdcompressionlevel=3]"",""$VAR_3$"":""-4180858090203765178L"",""$VAR_4$"":""'1.0'"",""$VAR_5$"":""1.0D"",""$VAR_6$"":""com.akamai.csi.guardian.knowhere.connectors.KafkaStorageTable@3e4b6b40"",""$VAR_7$"":""[commit.offsets.state=true_1784562218335, storage.output.class=com.akamai.csi.guardian.knowhere.storage.azure.BlobStorageClientImpl, num.of.partitions=0, read.storage.account.blob.storage.endpoint=https://gamorabhv4tenpercentprod.blob.core.windows.net, read.storage.account.blob.authority.host=https://login.microsoftonline.com/, kafka.consumer.sasl.mechanism=SCRAM-SHA-512, read.storage.account.blob.connectionString=null, kafka.has.records.count.statistics=false, write.storage.account.blob.tenant.id=514876bd-5965-4b40-b0c8-e336cf72c743, avro.schema={\""type\"":\""record\"",\""name\"":\""BEHAVIORAL4\"",\""fields\"":[{\""name\"":\""cpcode\"",\""type\"":\""long\""},{\""name\"":\""ts\"",\""type\"":\""long\""},{\""name\"":\""ip\"",\""type\"":\""string\""},{\""name\"":\""host\"",\""type\"":\""string\""},{\""name\"":\""path\"",\""type\"":\""string\""},{\""name\"":\""user_agent\"",\""type\"":\""string\"",\""decode\"":\""true\""},{\""name\"":\""status_code\"",\""type\"":\""int\""},{\""name\"":\""http_method\"",\""type\"":\""string\""},{\""name\"":\""header_order_fingerprinting\"",\""type\"":\""string\""},{\""name\"":\""query\"",\""type\"":\""string\""},{\""name\"":\""referer\"",\""type\"":\""string\""},{\""name\"":\""accept_language\"",\""type\"":\""string\""},{\""name\"":\""content_type\"",\""type\"":\""string\""},{\""name\"":\""header_size\"",\""type\"":\""string\""},{\""name\"":\""cookie\"",\""type\"":\""string\""},{\""name\"":\""start_time\"",\""type\"":\""string\""},{\""name\"":\""global_id\"",\""type\"":\""string\""},{\""name\"":\""request_checksum\"",\""type\"":\""string\""},{\""name\"":\""tcp_fingerprinting\"",\""type\"":\""string\""},{\""name\"":\""tls_fingerprinting\"",\""type\"":\""string\""},{\""name\"":\""h2_fp\"",\""type\"":\""string\"",\""default\"":\""-\""},{\""name\"":\""ghost_ip\"",\""type\"":\""string\"",\""default\"":\""-\""},{\""name\"":\""akid\"",\""type\"":\""string\"",\""default\"":\""-\""},{\""name\"":\""api_id\"",\""type\"":\""string\"",\""default\"":\""-\""},{\""name\"":\""autopost\"",\""type\"":\""int\"",\""default\"":0},{\""name\"":\""account\"",\""type\"":\""string\"",\""default\"":\""-\""},{\""name\"":\""tls_fingerprinting_3\"",\""type\"":\""string\"",\""default\"":\""-\""},{\""name\"":\""tls_extension_order\"",\""type\"":\""string\"",\""default\"":\""-\""},{\""name\"":\""elliptic_curves_order\"",\""type\"":\""string\"",\""default\"":\""-\""},{\""name\"":\""signature_algorithms_order\"",\""type\"":\""string\"",\""default\"":\""-\""}]}, kafka.username=bootstrap-ajno5dmewwtaijvh, partition.max.files=50, write.storage.account.blob.storage.endpoint=https://bh4tenpctprod.blob.core.windows.net, kafka.consumer.auto.offset.reset=latest, read.storage.account.blob.container.name=gamora-behavioral4-ten-percent, spark.checkpoint.location=checkpoint, write.storage.account.blob.connectionString=null, kafka.skip.small.files.threshold=1000000, read.storage.account.blob.connection.mode=SERVICE_PRINCIPAL, write.storage.account.blob.connection.mode=SERVICE_PRINCIPAL, kafka.password=*********(redacted), kafka.topic=csi_prod_centralus_ingest.gamora-behavioral4-ten-percent, kafka.consumer.bootstrap.servers=redpanda-0.prod-redpanda.aks.prod.akamaicsi.net:31092,redpanda-1.prod-redpanda.aks.prod.akamaicsi.net:31092,redpanda-2.prod-redpanda.aks.prod.akamaicsi.net:31092,redpanda-3.prod-redpanda.aks.prod.akamaicsi.net:31092,redpanda-4.prod-redpanda.aks.prod.akamaicsi.net:31092,redpanda-5.prod-redpanda.aks.prod.akamaicsi.net:31092,redpanda-6.prod-redpanda.aks.prod.akamaicsi.net:31092,redpanda-7.prod-redpanda.aks.prod.akamaicsi.net:31092,redpanda-8.prod-redpanda.aks.prod.akamaicsi.net:31092,redpanda-9.prod-redpanda.aks.prod.akamaicsi.net:31092, read.storage.account.blob.client.secret=*********(redacted), kafka.consumer.group.id=csi_prod_centralus_ingest.polaris-bhv4-ten-percent-consumer0, kafka.poll.timeout=2000, write.storage.account.blob.container.name=ten-percent, kafka.seek.to.beginning=false, connector.name=polaris, kafka.max.total.poll.timeout.batch.sec=10, kafka.message.ttl.sec=172800, storage.input.class=com.akamai.csi.guardian.knowhere.storage.azure.BlobStorageClientImpl, kafka.consumer.max.poll.interval.ms=1800000, kafka.consumer.max.poll.records=1, write.storage.account.blob.authority.host=https://login.microsoftonline.com/, exactly.once.validation=true, read.storage.account.blob.client.id=e77b2ce2-6407-4369-bc31-52033c0efa7b, write.storage.account.blob.client.secret=*********(redacted), partition.max.memory.size=200000000, kafka.total.iteration.memory.hint=100000000000, write.storage.account.blob.client.id=e77b2ce2-6407-4369-bc31-52033c0efa7b, read.storage.account.blob.tenant.id=514876bd-5965-4b40-b0c8-e336cf72c743, kafka.consumer.security.protocol=SASL_SSL]""}","[""csi_prod_centralus_ingest.gamora-behavioral4-ten-percent""]"
96633,6,6991,default,polaris-bhv4-ten-percent,8,polaris-bhv4-ten-percent,2026-07-20T17:30:15,,head,COMPLETED,2026-07-20T17:35:52.110000+00:00,2026-07-20T17:35:52.320000+00:00,0.21,,,,,internal,,first at DeltaUtils.scala:18 (GlobalLimit),"GlobalLimit($VAR_1$)
:- LocalLimit($VAR_1$)
   :- Sort([version DESC NULLS LAST], true)
      :- LocalRelation([version, timestamp, userId, userName, operation, operationParameters, job, notebook, clusterId, readVersion, isolationLevel, isBlindAppend, operationMetrics, userMetadata, engineInfo])
","{""$VAR_1$"":""1""}",,,,
96631,5,6991,default,polaris-bhv4-ten-percent,8,polaris-bhv4-ten-percent,2026-07-20T17:30:15,,count,COMPLETED,2026-07-20T17:35:51.249000+00:00,2026-07-20T17:35:52.092000+00:00,0.843,,,,,internal,,count at DeltaUtils.scala:16 (Aggregate),"Aggregate([count($VAR_1$) AS count])
:- LocalRelation()
","{""$VAR_1$"":""1""}",,,,
96629,4,6991,default,polaris-bhv4-ten-percent,8,polaris-bhv4-ten-percent,2026-07-20T17:30:15,,collect,COMPLETED,2026-07-20T17:34:45.519000+00:00,2026-07-20T17:35:51.095000+00:00,65.576,,,,,internal,,getHistory at DeltaTableOperations.scala:57 (SerializeFromObject),"SerializeFromObject([unwrapoption(LongType, knownnotnull(assertnotnull(input[0, org.apache.spark.sql.delta.DeltaHistory, true])).version) AS version, staticinvoke(class org.apache.spark.sql.catalyst.util.DateTimeUtils$, TimestampType, fromJavaTimestamp, knownnotnull(assertnotnull(input[0, org.apache.spark.sql.delta.DeltaHistory, true])).timestamp, true, false, true) AS timestamp, staticinvoke(class org.apache.spark.unsafe.types.UTF8String, StringType, fromString, unwrapoption(ObjectType(class java.lang.String), knownnotnull(assertnotnull(input[0, org.apache.spark.sql.delta.DeltaHistory, true])).userId), true, false, true) AS userId, staticinvoke(class org.apache.spark.unsafe.types.UTF8String, StringType, fromString, unwrapoption(ObjectType(class java.lang.String), knownnotnull(assertnotnull(input[0, org.apache.spark.sql.delta.DeltaHistory, true])).userName), true, false, true) AS userName, staticinvoke(class org.apache.spark.unsafe.types.UTF8String, StringType, fromString, knownnotnull(assertnotnull(input[0, org.apache.spark.sql.delta.DeltaHistory, true])).operation, true, false, true) AS operation, externalmaptocatalyst(lambdavariable(ExternalMapToCatalyst_key, ObjectType(class java.lang.Object), true, -1), staticinvoke(class org.apache.spark.unsafe.types.UTF8String, StringType, fromString, validateexternaltype(lambdavariable(ExternalMapToCatalyst_key, ObjectType(class java.lang.Object), true, -1), StringType, ObjectType(class java.lang.String)), true, false, true), lambdavariable(ExternalMapToCatalyst_value, ObjectType(class java.lang.Object), true, -2), staticinvoke(class org.apache.spark.unsafe.types.UTF8String, StringType, fromString, validateexternaltype(lambdavariable(ExternalMapToCatalyst_value, ObjectType(class java.lang.Object), true, -2), StringType, ObjectType(class java.lang.String)), true, false, true), knownnotnull(assertnotnull(input[0, org.apache.spark.sql.delta.DeltaHistory, true])).operationParameters) AS operationParameters, (IF((unwrapoption(ObjectType(class org.apache.spark.sql.delta.actions.JobInfo), knownnotnull(assertnotnull(input[0, org.apache.spark.sql.delta.DeltaHistory, true])).job) IS NULL), $VAR_1$, named_struct($VAR_2$, staticinvoke(class org.apache.spark.unsafe.types.UTF8String, StringType, fromString, knownnotnull(unwrapoption(ObjectType(class org.apache.spark.sql.delta.actions.JobInfo), knownnotnull(assertnotnull(input[0, org.apache.spark.sql.delta.DeltaHistory, true])).job)).jobId, true, false, true), $VAR_3$, staticinvoke(class org.apache.spark.unsafe.types.UTF8String, StringType, fromString, knownnotnull(unwrapoption(ObjectType(class org.apache.spark.sql.delta.actions.JobInfo), knownnotnull(assertnotnull(input[0, org.apache.spark.sql.delta.DeltaHistory, true])).job)).jobName, true, false, true), $VAR_4$, staticinvoke(class org.apache.spark.unsafe.types.UTF8String, StringType, fromString, knownnotnull(unwrapoption(ObjectType(class org.apache.spark.sql.delta.actions.JobInfo), knownnotnull(assertnotnull(input[0, org.apache.spark.sql.delta.DeltaHistory, true])).job)).jobRunId, true, false, true), $VAR_5$, staticinvoke(class org.apache.spark.unsafe.types.UTF8String, StringType, fromString, knownnotnull(unwrapoption(ObjectType(class org.apache.spark.sql.delta.actions.JobInfo), knownnotnull(assertnotnull(input[0, org.apache.spark.sql.delta.DeltaHistory, true])).job)).runId, true, false, true), $VAR_6$, staticinvoke(class org.apache.spark.unsafe.types.UTF8String, StringType, fromString, knownnotnull(unwrapoption(ObjectType(class org.apache.spark.sql.delta.actions.JobInfo), knownnotnull(assertnotnull(input[0, org.apache.spark.sql.delta.DeltaHistory, true])).job)).jobOwnerId, true, false, true), $VAR_7$, staticinvoke(class org.apache.spark.unsafe.types.UTF8String, StringType, fromString, knownnotnull(unwrapoption(ObjectType(class org.apache.spark.sql.delta.actions.JobInfo), knownnotnull(assertnotnull(input[0, org.apache.spark.sql.delta.DeltaHistory, true])).job)).triggerType, true, false, true)))) AS job, (IF((unwrapoption(ObjectType(class org.apache.spark.sql.delta.actions.NotebookInfo), knownnotnull(assertnotnull(input[0, org.apache.spark.sql.delta.DeltaHistory, true])).notebook) IS NULL), $VAR_1$, named_struct($VAR_8$, staticinvoke(class org.apache.spark.unsafe.types.UTF8String, StringType, fromString, knownnotnull(unwrapoption(ObjectType(class org.apache.spark.sql.delta.actions.NotebookInfo), knownnotnull(assertnotnull(input[0, org.apache.spark.sql.delta.DeltaHistory, true])).notebook)).notebookId, true, false, true)))) AS notebook, staticinvoke(class org.apache.spark.unsafe.types.UTF8String, StringType, fromString, unwrapoption(ObjectType(class java.lang.String), knownnotnull(assertnotnull(input[0, org.apache.spark.sql.delta.DeltaHistory, true])).clusterId), true, false, true) AS clusterId, unwrapoption(LongType, knownnotnull(assertnotnull(input[0, org.apache.spark.sql.delta.DeltaHistory, true])).readVersion) AS readVersion, staticinvoke(class org.apache.spark.unsafe.types.UTF8String, StringType, fromString, unwrapoption(ObjectType(class java.lang.String), knownnotnull(assertnotnull(input[0, org.apache.spark.sql.delta.DeltaHistory, true])).isolationLevel), true, false, true) AS isolationLevel, unwrapoption(BooleanType, knownnotnull(assertnotnull(input[0, org.apache.spark.sql.delta.DeltaHistory, true])).isBlindAppend) AS isBlindAppend, externalmaptocatalyst(lambdavariable(ExternalMapToCatalyst_key, ObjectType(class java.lang.Object), true, -3), staticinvoke(class org.apache.spark.unsafe.types.UTF8String, StringType, fromString, validateexternaltype(lambdavariable(ExternalMapToCatalyst_key, ObjectType(class java.lang.Object), true, -3), StringType, ObjectType(class java.lang.String)), true, false, true), lambdavariable(ExternalMapToCatalyst_value, ObjectType(class java.lang.Object), true, -4), staticinvoke(class org.apache.spark.unsafe.types.UTF8String, StringType, fromString, validateexternaltype(lambdavariable(ExternalMapToCatalyst_value, ObjectType(class java.lang.Object), true, -4), StringType, ObjectType(class java.lang.String)), true, false, true), unwrapoption(ObjectType(interface scala.collection.immutable.Map), knownnotnull(assertnotnull(input[0, org.apache.spark.sql.delta.DeltaHistory, true])).operationMetrics)) AS operationMetrics, staticinvoke(class org.apache.spark.unsafe.types.UTF8String, StringType, fromString, unwrapoption(ObjectType(class java.lang.String), knownnotnull(assertnotnull(input[0, org.apache.spark.sql.delta.DeltaHistory, true])).userMetadata), true, false, true) AS userMetadata, staticinvoke(class org.apache.spark.unsafe.types.UTF8String, StringType, fromString, unwrapoption(ObjectType(class java.lang.String), knownnotnull(assertnotnull(input[0, org.apache.spark.sql.delta.DeltaHistory, true])).engineInfo), true, false, true) AS engineInfo])
:- MapPartitions($VAR_9$, obj)
   :- DeserializeToObject(staticinvoke(class java.lang.Long, ObjectType(class java.lang.Long), valueOf, id, true, false, true), obj)
      :- Range(316, 1167, 1, 50, [id], false)
","{""$VAR_1$"":""NULL"",""$VAR_2$"":""'jobId'"",""$VAR_3$"":""'jobName'"",""$VAR_4$"":""'jobRunId'"",""$VAR_5$"":""'runId'"",""$VAR_6$"":""'jobOwnerId'"",""$VAR_7$"":""'triggerType'"",""$VAR_8$"":""'notebookId'"",""$VAR_9$"":""org.apache.spark.sql.delta.DeltaHistoryManager$$Lambda$6369/0x00007fc7b9b3e320@3fce73df""}",,,,
96626,2,6991,default,polaris-bhv4-ten-percent,8,polaris-bhv4-ten-percent,2026-07-20T17:30:15,abfss://ten-percent@bh4tenpctprod.dfs.core.windows.net/delta,file,COMPLETED,2026-07-20T17:34:44.416000+00:00,2026-07-20T17:37:36.472000+00:00,172.056,,,,,output,,save at FormatSparkWriter.scala:28 (SaveIntoDataSourceCommand),"SaveIntoDataSourceCommand($VAR_1$, $VAR_2$, Append)
   :- Filter((rand($VAR_3$) < ($VAR_4$ / ($VAR_5$ / $VAR_5$))))
      :- DataSourceV2Relation($VAR_6$, [cpcode, ts, ip, host, path, user_agent, status_code, http_method, header_order_fingerprinting, query, referer, accept_language, content_type, header_size, cookie, start_time, global_id, request_checksum, tcp_fingerprinting, tls_fingerprinting, h2_fp, ghost_ip, akid, api_id, autopost, account, tls_fingerprinting_3, tls_extension_order, elliptic_curves_order, signature_algorithms_order], $VAR_7$)
","{""$VAR_1$"":""org.apache.spark.sql.delta.sources.DeltaDataSource@412f50a9"",""$VAR_2$"":""[path=abfss://ten-percent@bh4tenpctprod.dfs.core.windows.net/delta, compression=zstd, delta.logretentionduration=interval 3 days, mergeschema=true, __partition_columns=[\""ts\""], zstdcompressionlevel=3]"",""$VAR_3$"":""6779389217531141171L"",""$VAR_4$"":""'1.0'"",""$VAR_5$"":""1.0D"",""$VAR_6$"":""com.akamai.csi.guardian.knowhere.connectors.KafkaStorageTable@3532bde8"",""$VAR_7$"":""[commit.offsets.state=true_1784566747514, storage.output.class=com.akamai.csi.guardian.knowhere.storage.azure.BlobStorageClientImpl, num.of.partitions=0, read.storage.account.blob.storage.endpoint=https://gamorabhv4tenpercentprod.blob.core.windows.net, read.storage.account.blob.authority.host=https://login.microsoftonline.com/, kafka.consumer.sasl.mechanism=SCRAM-SHA-512, read.storage.account.blob.connectionString=null, kafka.has.records.count.statistics=false, write.storage.account.blob.tenant.id=514876bd-5965-4b40-b0c8-e336cf72c743, avro.schema={\""type\"":\""record\"",\""name\"":\""BEHAVIORAL4\"",\""fields\"":[{\""name\"":\""cpcode\"",\""type\"":\""long\""},{\""name\"":\""ts\"",\""type\"":\""long\""},{\""name\"":\""ip\"",\""type\"":\""string\""},{\""name\"":\""host\"",\""type\"":\""string\""},{\""name\"":\""path\"",\""type\"":\""string\""},{\""name\"":\""user_agent\"",\""type\"":\""string\"",\""decode\"":\""true\""},{\""name\"":\""status_code\"",\""type\"":\""int\""},{\""name\"":\""http_method\"",\""type\"":\""string\""},{\""name\"":\""header_order_fingerprinting\"",\""type\"":\""string\""},{\""name\"":\""query\"",\""type\"":\""string\""},{\""name\"":\""referer\"",\""type\"":\""string\""},{\""name\"":\""accept_language\"",\""type\"":\""string\""},{\""name\"":\""content_type\"",\""type\"":\""string\""},{\""name\"":\""header_size\"",\""type\"":\""string\""},{\""name\"":\""cookie\"",\""type\"":\""string\""},{\""name\"":\""start_time\"",\""type\"":\""string\""},{\""name\"":\""global_id\"",\""type\"":\""string\""},{\""name\"":\""request_checksum\"",\""type\"":\""string\""},{\""name\"":\""tcp_fingerprinting\"",\""type\"":\""string\""},{\""name\"":\""tls_fingerprinting\"",\""type\"":\""string\""},{\""name\"":\""h2_fp\"",\""type\"":\""string\"",\""default\"":\""-\""},{\""name\"":\""ghost_ip\"",\""type\"":\""string\"",\""default\"":\""-\""},{\""name\"":\""akid\"",\""type\"":\""string\"",\""default\"":\""-\""},{\""name\"":\""api_id\"",\""type\"":\""string\"",\""default\"":\""-\""},{\""name\"":\""autopost\"",\""type\"":\""int\"",\""default\"":0},{\""name\"":\""account\"",\""type\"":\""string\"",\""default\"":\""-\""},{\""name\"":\""tls_fingerprinting_3\"",\""type\"":\""string\"",\""default\"":\""-\""},{\""name\"":\""tls_extension_order\"",\""type\"":\""string\"",\""default\"":\""-\""},{\""name\"":\""elliptic_curves_order\"",\""type\"":\""string\"",\""default\"":\""-\""},{\""name\"":\""signature_algorithms_order\"",\""type\"":\""string\"",\""default\"":\""-\""}]}, kafka.username=bootstrap-ajno5dmewwtaijvh, partition.max.files=50, write.storage.account.blob.storage.endpoint=https://bh4tenpctprod.blob.core.windows.net, kafka.consumer.auto.offset.reset=latest, read.storage.account.blob.container.name=gamora-behavioral4-ten-percent, spark.checkpoint.location=checkpoint, write.storage.account.blob.connectionString=null, kafka.skip.small.files.threshold=1000000, read.storage.account.blob.connection.mode=SERVICE_PRINCIPAL, write.storage.account.blob.connection.mode=SERVICE_PRINCIPAL, kafka.password=*********(redacted), kafka.topic=csi_prod_centralus_ingest.gamora-behavioral4-ten-percent, kafka.consumer.bootstrap.servers=redpanda-0.prod-redpanda.aks.prod.akamaicsi.net:31092,redpanda-1.prod-redpanda.aks.prod.akamaicsi.net:31092,redpanda-2.prod-redpanda.aks.prod.akamaicsi.net:31092,redpanda-3.prod-redpanda.aks.prod.akamaicsi.net:31092,redpanda-4.prod-redpanda.aks.prod.akamaicsi.net:31092,redpanda-5.prod-redpanda.aks.prod.akamaicsi.net:31092,redpanda-6.prod-redpanda.aks.prod.akamaicsi.net:31092,redpanda-7.prod-redpanda.aks.prod.akamaicsi.net:31092,redpanda-8.prod-redpanda.aks.prod.akamaicsi.net:31092,redpanda-9.prod-redpanda.aks.prod.akamaicsi.net:31092, read.storage.account.blob.client.secret=*********(redacted), kafka.consumer.group.id=csi_prod_centralus_ingest.polaris-bhv4-ten-percent-consumer0, kafka.poll.timeout=2000, write.storage.account.blob.container.name=ten-percent, kafka.seek.to.beginning=false, connector.name=polaris, kafka.max.total.poll.timeout.batch.sec=10, kafka.message.ttl.sec=172800, storage.input.class=com.akamai.csi.guardian.knowhere.storage.azure.BlobStorageClientImpl, kafka.consumer.max.poll.interval.ms=1800000, kafka.consumer.max.poll.records=1, write.storage.account.blob.authority.host=https://login.microsoftonline.com/, exactly.once.validation=true, read.storage.account.blob.client.id=e77b2ce2-6407-4369-bc31-52033c0efa7b, write.storage.account.blob.client.secret=*********(redacted), partition.max.memory.size=200000000, kafka.total.iteration.memory.hint=100000000000, write.storage.account.blob.client.id=e77b2ce2-6407-4369-bc31-52033c0efa7b, read.storage.account.blob.tenant.id=514876bd-5965-4b40-b0c8-e336cf72c743, kafka.consumer.security.protocol=SASL_SSL]""}",,"SaveIntoDataSourceCommand($VAR_1$, $VAR_2$, Append)
   :- Filter((rand($VAR_3$) < ($VAR_4$ / ($VAR_5$ / $VAR_5$))))
      :- DataSourceV2Relation($VAR_6$, [cpcode, ts, ip, host, path, user_agent, status_code, http_method, header_order_fingerprinting, query, referer, accept_language, content_type, header_size, cookie, start_time, global_id, request_checksum, tcp_fingerprinting, tls_fingerprinting, h2_fp, ghost_ip, akid, api_id, autopost, account, tls_fingerprinting_3, tls_extension_order, elliptic_curves_order, signature_algorithms_order], $VAR_7$)
","{""$VAR_1$"":""org.apache.spark.sql.delta.sources.DeltaDataSource@152833e"",""$VAR_2$"":""[path=abfss://ten-percent@bh4tenpctprod.dfs.core.windows.net/delta, compression=zstd, delta.logretentionduration=interval 3 days, mergeschema=true, __partition_columns=[\""ts\""], zstdcompressionlevel=3]"",""$VAR_3$"":""-4180858090203765178L"",""$VAR_4$"":""'1.0'"",""$VAR_5$"":""1.0D"",""$VAR_6$"":""com.akamai.csi.guardian.knowhere.connectors.KafkaStorageTable@3e4b6b40"",""$VAR_7$"":""[commit.offsets.state=true_1784562218335, storage.output.class=com.akamai.csi.guardian.knowhere.storage.azure.BlobStorageClientImpl, num.of.partitions=0, read.storage.account.blob.storage.endpoint=https://gamorabhv4tenpercentprod.blob.core.windows.net, read.storage.account.blob.authority.host=https://login.microsoftonline.com/, kafka.consumer.sasl.mechanism=SCRAM-SHA-512, read.storage.account.blob.connectionString=null, kafka.has.records.count.statistics=false, write.storage.account.blob.tenant.id=514876bd-5965-4b40-b0c8-e336cf72c743, avro.schema={\""type\"":\""record\"",\""name\"":\""BEHAVIORAL4\"",\""fields\"":[{\""name\"":\""cpcode\"",\""type\"":\""long\""},{\""name\"":\""ts\"",\""type\"":\""long\""},{\""name\"":\""ip\"",\""type\"":\""string\""},{\""name\"":\""host\"",\""type\"":\""string\""},{\""name\"":\""path\"",\""type\"":\""string\""},{\""name\"":\""user_agent\"",\""type\"":\""string\"",\""decode\"":\""true\""},{\""name\"":\""status_code\"",\""type\"":\""int\""},{\""name\"":\""http_method\"",\""type\"":\""string\""},{\""name\"":\""header_order_fingerprinting\"",\""type\"":\""string\""},{\""name\"":\""query\"",\""type\"":\""string\""},{\""name\"":\""referer\"",\""type\"":\""string\""},{\""name\"":\""accept_language\"",\""type\"":\""string\""},{\""name\"":\""content_type\"",\""type\"":\""string\""},{\""name\"":\""header_size\"",\""type\"":\""string\""},{\""name\"":\""cookie\"",\""type\"":\""string\""},{\""name\"":\""start_time\"",\""type\"":\""string\""},{\""name\"":\""global_id\"",\""type\"":\""string\""},{\""name\"":\""request_checksum\"",\""type\"":\""string\""},{\""name\"":\""tcp_fingerprinting\"",\""type\"":\""string\""},{\""name\"":\""tls_fingerprinting\"",\""type\"":\""string\""},{\""name\"":\""h2_fp\"",\""type\"":\""string\"",\""default\"":\""-\""},{\""name\"":\""ghost_ip\"",\""type\"":\""string\"",\""default\"":\""-\""},{\""name\"":\""akid\"",\""type\"":\""string\"",\""default\"":\""-\""},{\""name\"":\""api_id\"",\""type\"":\""string\"",\""default\"":\""-\""},{\""name\"":\""autopost\"",\""type\"":\""int\"",\""default\"":0},{\""name\"":\""account\"",\""type\"":\""string\"",\""default\"":\""-\""},{\""name\"":\""tls_fingerprinting_3\"",\""type\"":\""string\"",\""default\"":\""-\""},{\""name\"":\""tls_extension_order\"",\""type\"":\""string\"",\""default\"":\""-\""},{\""name\"":\""elliptic_curves_order\"",\""type\"":\""string\"",\""default\"":\""-\""},{\""name\"":\""signature_algorithms_order\"",\""type\"":\""string\"",\""default\"":\""-\""}]}, kafka.username=bootstrap-ajno5dmewwtaijvh, partition.max.files=50, write.storage.account.blob.storage.endpoint=https://bh4tenpctprod.blob.core.windows.net, kafka.consumer.auto.offset.reset=latest, read.storage.account.blob.container.name=gamora-behavioral4-ten-percent, spark.checkpoint.location=checkpoint, write.storage.account.blob.connectionString=null, kafka.skip.small.files.threshold=1000000, read.storage.account.blob.connection.mode=SERVICE_PRINCIPAL, write.storage.account.blob.connection.mode=SERVICE_PRINCIPAL, kafka.password=*********(redacted), kafka.topic=csi_prod_centralus_ingest.gamora-behavioral4-ten-percent, kafka.consumer.bootstrap.servers=redpanda-0.prod-redpanda.aks.prod.akamaicsi.net:31092,redpanda-1.prod-redpanda.aks.prod.akamaicsi.net:31092,redpanda-2.prod-redpanda.aks.prod.akamaicsi.net:31092,redpanda-3.prod-redpanda.aks.prod.akamaicsi.net:31092,redpanda-4.prod-redpanda.aks.prod.akamaicsi.net:31092,redpanda-5.prod-redpanda.aks.prod.akamaicsi.net:31092,redpanda-6.prod-redpanda.aks.prod.akamaicsi.net:31092,redpanda-7.prod-redpanda.aks.prod.akamaicsi.net:31092,redpanda-8.prod-redpanda.aks.prod.akamaicsi.net:31092,redpanda-9.prod-redpanda.aks.prod.akamaicsi.net:31092, read.storage.account.blob.client.secret=*********(redacted), kafka.consumer.group.id=csi_prod_centralus_ingest.polaris-bhv4-ten-percent-consumer0, kafka.poll.timeout=2000, write.storage.account.blob.container.name=ten-percent, kafka.seek.to.beginning=false, connector.name=polaris, kafka.max.total.poll.timeout.batch.sec=10, kafka.message.ttl.sec=172800, storage.input.class=com.akamai.csi.guardian.knowhere.storage.azure.BlobStorageClientImpl, kafka.consumer.max.poll.interval.ms=1800000, kafka.consumer.max.poll.records=1, write.storage.account.blob.authority.host=https://login.microsoftonline.com/, exactly.once.validation=true, read.storage.account.blob.client.id=e77b2ce2-6407-4369-bc31-52033c0efa7b, write.storage.account.blob.client.secret=*********(redacted), partition.max.memory.size=200000000, kafka.total.iteration.memory.hint=100000000000, write.storage.account.blob.client.id=e77b2ce2-6407-4369-bc31-52033c0efa7b, read.storage.account.blob.tenant.id=514876bd-5965-4b40-b0c8-e336cf72c743, kafka.consumer.security.protocol=SASL_SSL]""}","[""csi_prod_centralus_ingest.gamora-behavioral4-ten-percent""]"
96594,0,6991,default,polaris-bhv4-ten-percent,8,polaris-bhv4-ten-percent,2026-07-20T17:30:15,abfss://ten-percent@bh4tenpctprod.dfs.core.windows.net/delta,file,COMPLETED,2026-07-20T17:30:59.074000+00:00,2026-07-20T17:34:44.227000+00:00,225.153,,,,,output,,save at FormatSparkWriter.scala:28 (SaveIntoDataSourceCommand),"SaveIntoDataSourceCommand($VAR_1$, $VAR_2$, Append)
   :- Filter((rand($VAR_3$) < ($VAR_4$ / ($VAR_5$ / $VAR_5$))))
      :- DataSourceV2Relation($VAR_6$, [cpcode, ts, ip, host, path, user_agent, status_code, http_method, header_order_fingerprinting, query, referer, accept_language, content_type, header_size, cookie, start_time, global_id, request_checksum, tcp_fingerprinting, tls_fingerprinting, h2_fp, ghost_ip, akid, api_id, autopost, account, tls_fingerprinting_3, tls_extension_order, elliptic_curves_order, signature_algorithms_order], $VAR_7$)
","{""$VAR_1$"":""org.apache.spark.sql.delta.sources.DeltaDataSource@3b7d3d05"",""$VAR_2$"":""[path=abfss://ten-percent@bh4tenpctprod.dfs.core.windows.net/delta, compression=zstd, delta.logretentionduration=interval 3 days, mergeschema=true, __partition_columns=[\""ts\""], zstdcompressionlevel=3]"",""$VAR_3$"":""6827656198036713654L"",""$VAR_4$"":""'1.0'"",""$VAR_5$"":""1.0D"",""$VAR_6$"":""com.akamai.csi.guardian.knowhere.connectors.KafkaStorageTable@10d213d0"",""$VAR_7$"":""[commit.offsets.state=true_1784566747514, storage.output.class=com.akamai.csi.guardian.knowhere.storage.azure.BlobStorageClientImpl, num.of.partitions=0, read.storage.account.blob.storage.endpoint=https://gamorabhv4tenpercentprod.blob.core.windows.net, read.storage.account.blob.authority.host=https://login.microsoftonline.com/, kafka.consumer.sasl.mechanism=SCRAM-SHA-512, read.storage.account.blob.connectionString=null, kafka.has.records.count.statistics=false, write.storage.account.blob.tenant.id=514876bd-5965-4b40-b0c8-e336cf72c743, avro.schema={\""type\"":\""record\"",\""name\"":\""BEHAVIORAL4\"",\""fields\"":[{\""name\"":\""cpcode\"",\""type\"":\""long\""},{\""name\"":\""ts\"",\""type\"":\""long\""},{\""name\"":\""ip\"",\""type\"":\""string\""},{\""name\"":\""host\"",\""type\"":\""string\""},{\""name\"":\""path\"",\""type\"":\""string\""},{\""name\"":\""user_agent\"",\""type\"":\""string\"",\""decode\"":\""true\""},{\""name\"":\""status_code\"",\""type\"":\""int\""},{\""name\"":\""http_method\"",\""type\"":\""string\""},{\""name\"":\""header_order_fingerprinting\"",\""type\"":\""string\""},{\""name\"":\""query\"",\""type\"":\""string\""},{\""name\"":\""referer\"",\""type\"":\""string\""},{\""name\"":\""accept_language\"",\""type\"":\""string\""},{\""name\"":\""content_type\"",\""type\"":\""string\""},{\""name\"":\""header_size\"",\""type\"":\""string\""},{\""name\"":\""cookie\"",\""type\"":\""string\""},{\""name\"":\""start_time\"",\""type\"":\""string\""},{\""name\"":\""global_id\"",\""type\"":\""string\""},{\""name\"":\""request_checksum\"",\""type\"":\""string\""},{\""name\"":\""tcp_fingerprinting\"",\""type\"":\""string\""},{\""name\"":\""tls_fingerprinting\"",\""type\"":\""string\""},{\""name\"":\""h2_fp\"",\""type\"":\""string\"",\""default\"":\""-\""},{\""name\"":\""ghost_ip\"",\""type\"":\""string\"",\""default\"":\""-\""},{\""name\"":\""akid\"",\""type\"":\""string\"",\""default\"":\""-\""},{\""name\"":\""api_id\"",\""type\"":\""string\"",\""default\"":\""-\""},{\""name\"":\""autopost\"",\""type\"":\""int\"",\""default\"":0},{\""name\"":\""account\"",\""type\"":\""string\"",\""default\"":\""-\""},{\""name\"":\""tls_fingerprinting_3\"",\""type\"":\""string\"",\""default\"":\""-\""},{\""name\"":\""tls_extension_order\"",\""type\"":\""string\"",\""default\"":\""-\""},{\""name\"":\""elliptic_curves_order\"",\""type\"":\""string\"",\""default\"":\""-\""},{\""name\"":\""signature_algorithms_order\"",\""type\"":\""string\"",\""default\"":\""-\""}]}, kafka.username=bootstrap-ajno5dmewwtaijvh, partition.max.files=50, write.storage.account.blob.storage.endpoint=https://bh4tenpctprod.blob.core.windows.net, kafka.consumer.auto.offset.reset=latest, read.storage.account.blob.container.name=gamora-behavioral4-ten-percent, spark.checkpoint.location=checkpoint, write.storage.account.blob.connectionString=null, kafka.skip.small.files.threshold=1000000, read.storage.account.blob.connection.mode=SERVICE_PRINCIPAL, write.storage.account.blob.connection.mode=SERVICE_PRINCIPAL, kafka.password=*********(redacted), kafka.topic=csi_prod_centralus_ingest.gamora-behavioral4-ten-percent, kafka.consumer.bootstrap.servers=redpanda-0.prod-redpanda.aks.prod.akamaicsi.net:31092,redpanda-1.prod-redpanda.aks.prod.akamaicsi.net:31092,redpanda-2.prod-redpanda.aks.prod.akamaicsi.net:31092,redpanda-3.prod-redpanda.aks.prod.akamaicsi.net:31092,redpanda-4.prod-redpanda.aks.prod.akamaicsi.net:31092,redpanda-5.prod-redpanda.aks.prod.akamaicsi.net:31092,redpanda-6.prod-redpanda.aks.prod.akamaicsi.net:31092,redpanda-7.prod-redpanda.aks.prod.akamaicsi.net:31092,redpanda-8.prod-redpanda.aks.prod.akamaicsi.net:31092,redpanda-9.prod-redpanda.aks.prod.akamaicsi.net:31092, read.storage.account.blob.client.secret=*********(redacted), kafka.consumer.group.id=csi_prod_centralus_ingest.polaris-bhv4-ten-percent-consumer0, kafka.poll.timeout=2000, write.storage.account.blob.container.name=ten-percent, kafka.seek.to.beginning=false, connector.name=polaris, kafka.max.total.poll.timeout.batch.sec=10, kafka.message.ttl.sec=172800, storage.input.class=com.akamai.csi.guardian.knowhere.storage.azure.BlobStorageClientImpl, kafka.consumer.max.poll.interval.ms=1800000, kafka.consumer.max.poll.records=1, write.storage.account.blob.authority.host=https://login.microsoftonline.com/, exactly.once.validation=true, read.storage.account.blob.client.id=e77b2ce2-6407-4369-bc31-52033c0efa7b, write.storage.account.blob.client.secret=*********(redacted), partition.max.memory.size=200000000, kafka.total.iteration.memory.hint=100000000000, write.storage.account.blob.client.id=e77b2ce2-6407-4369-bc31-52033c0efa7b, read.storage.account.blob.tenant.id=514876bd-5965-4b40-b0c8-e336cf72c743, kafka.consumer.security.protocol=SASL_SSL]""}",,"SaveIntoDataSourceCommand($VAR_1$, $VAR_2$, Append)
   :- Filter((rand($VAR_3$) < ($VAR_4$ / ($VAR_5$ / $VAR_5$))))
      :- DataSourceV2Relation($VAR_6$, [cpcode, ts, ip, host, path, user_agent, status_code, http_method, header_order_fingerprinting, query, referer, accept_language, content_type, header_size, cookie, start_time, global_id, request_checksum, tcp_fingerprinting, tls_fingerprinting, h2_fp, ghost_ip, akid, api_id, autopost, account, tls_fingerprinting_3, tls_extension_order, elliptic_curves_order, signature_algorithms_order], $VAR_7$)
","{""$VAR_1$"":""org.apache.spark.sql.delta.sources.DeltaDataSource@152833e"",""$VAR_2$"":""[path=abfss://ten-percent@bh4tenpctprod.dfs.core.windows.net/delta, compression=zstd, delta.logretentionduration=interval 3 days, mergeschema=true, __partition_columns=[\""ts\""], zstdcompressionlevel=3]"",""$VAR_3$"":""-4180858090203765178L"",""$VAR_4$"":""'1.0'"",""$VAR_5$"":""1.0D"",""$VAR_6$"":""com.akamai.csi.guardian.knowhere.connectors.KafkaStorageTable@3e4b6b40"",""$VAR_7$"":""[commit.offsets.state=true_1784562218335, storage.output.class=com.akamai.csi.guardian.knowhere.storage.azure.BlobStorageClientImpl, num.of.partitions=0, read.storage.account.blob.storage.endpoint=https://gamorabhv4tenpercentprod.blob.core.windows.net, read.storage.account.blob.authority.host=https://login.microsoftonline.com/, kafka.consumer.sasl.mechanism=SCRAM-SHA-512, read.storage.account.blob.connectionString=null, kafka.has.records.count.statistics=false, write.storage.account.blob.tenant.id=514876bd-5965-4b40-b0c8-e336cf72c743, avro.schema={\""type\"":\""record\"",\""name\"":\""BEHAVIORAL4\"",\""fields\"":[{\""name\"":\""cpcode\"",\""type\"":\""long\""},{\""name\"":\""ts\"",\""type\"":\""long\""},{\""name\"":\""ip\"",\""type\"":\""string\""},{\""name\"":\""host\"",\""type\"":\""string\""},{\""name\"":\""path\"",\""type\"":\""string\""},{\""name\"":\""user_agent\"",\""type\"":\""string\"",\""decode\"":\""true\""},{\""name\"":\""status_code\"",\""type\"":\""int\""},{\""name\"":\""http_method\"",\""type\"":\""string\""},{\""name\"":\""header_order_fingerprinting\"",\""type\"":\""string\""},{\""name\"":\""query\"",\""type\"":\""string\""},{\""name\"":\""referer\"",\""type\"":\""string\""},{\""name\"":\""accept_language\"",\""type\"":\""string\""},{\""name\"":\""content_type\"",\""type\"":\""string\""},{\""name\"":\""header_size\"",\""type\"":\""string\""},{\""name\"":\""cookie\"",\""type\"":\""string\""},{\""name\"":\""start_time\"",\""type\"":\""string\""},{\""name\"":\""global_id\"",\""type\"":\""string\""},{\""name\"":\""request_checksum\"",\""type\"":\""string\""},{\""name\"":\""tcp_fingerprinting\"",\""type\"":\""string\""},{\""name\"":\""tls_fingerprinting\"",\""type\"":\""string\""},{\""name\"":\""h2_fp\"",\""type\"":\""string\"",\""default\"":\""-\""},{\""name\"":\""ghost_ip\"",\""type\"":\""string\"",\""default\"":\""-\""},{\""name\"":\""akid\"",\""type\"":\""string\"",\""default\"":\""-\""},{\""name\"":\""api_id\"",\""type\"":\""string\"",\""default\"":\""-\""},{\""name\"":\""autopost\"",\""type\"":\""int\"",\""default\"":0},{\""name\"":\""account\"",\""type\"":\""string\"",\""default\"":\""-\""},{\""name\"":\""tls_fingerprinting_3\"",\""type\"":\""string\"",\""default\"":\""-\""},{\""name\"":\""tls_extension_order\"",\""type\"":\""string\"",\""default\"":\""-\""},{\""name\"":\""elliptic_curves_order\"",\""type\"":\""string\"",\""default\"":\""-\""},{\""name\"":\""signature_algorithms_order\"",\""type\"":\""string\"",\""default\"":\""-\""}]}, kafka.username=bootstrap-ajno5dmewwtaijvh, partition.max.files=50, write.storage.account.blob.storage.endpoint=https://bh4tenpctprod.blob.core.windows.net, kafka.consumer.auto.offset.reset=latest, read.storage.account.blob.container.name=gamora-behavioral4-ten-percent, spark.checkpoint.location=checkpoint, write.storage.account.blob.connectionString=null, kafka.skip.small.files.threshold=1000000, read.storage.account.blob.connection.mode=SERVICE_PRINCIPAL, write.storage.account.blob.connection.mode=SERVICE_PRINCIPAL, kafka.password=*********(redacted), kafka.topic=csi_prod_centralus_ingest.gamora-behavioral4-ten-percent, kafka.consumer.bootstrap.servers=redpanda-0.prod-redpanda.aks.prod.akamaicsi.net:31092,redpanda-1.prod-redpanda.aks.prod.akamaicsi.net:31092,redpanda-2.prod-redpanda.aks.prod.akamaicsi.net:31092,redpanda-3.prod-redpanda.aks.prod.akamaicsi.net:31092,redpanda-4.prod-redpanda.aks.prod.akamaicsi.net:31092,redpanda-5.prod-redpanda.aks.prod.akamaicsi.net:31092,redpanda-6.prod-redpanda.aks.prod.akamaicsi.net:31092,redpanda-7.prod-redpanda.aks.prod.akamaicsi.net:31092,redpanda-8.prod-redpanda.aks.prod.akamaicsi.net:31092,redpanda-9.prod-redpanda.aks.prod.akamaicsi.net:31092, read.storage.account.blob.client.secret=*********(redacted), kafka.consumer.group.id=csi_prod_centralus_ingest.polaris-bhv4-ten-percent-consumer0, kafka.poll.timeout=2000, write.storage.account.blob.container.name=ten-percent, kafka.seek.to.beginning=false, connector.name=polaris, kafka.max.total.poll.timeout.batch.sec=10, kafka.message.ttl.sec=172800, storage.input.class=com.akamai.csi.guardian.knowhere.storage.azure.BlobStorageClientImpl, kafka.consumer.max.poll.interval.ms=1800000, kafka.consumer.max.poll.records=1, write.storage.account.blob.authority.host=https://login.microsoftonline.com/, exactly.once.validation=true, read.storage.account.blob.client.id=e77b2ce2-6407-4369-bc31-52033c0efa7b, write.storage.account.blob.client.secret=*********(redacted), partition.max.memory.size=200000000, kafka.total.iteration.memory.hint=100000000000, write.storage.account.blob.client.id=e77b2ce2-6407-4369-bc31-52033c0efa7b, read.storage.account.blob.tenant.id=514876bd-5965-4b40-b0c8-e336cf72c743, kafka.consumer.security.protocol=SASL_SSL]""}","[""csi_prod_centralus_ingest.gamora-behavioral4-ten-percent""]"
